-- INSERT user_roles -------------------------------------------
INSERT INTO user_roles (id, name, description)
VALUES (1, 'ADMIN','Description for ADMIN');
INSERT INTO user_roles (id, name, description)
VALUES (2, 'MENTOR','Description for MENTOR');
INSERT INTO user_roles (id, name, description)
VALUES (3, 'USER','Description for USER');

-- INSERT workshop_categories -------------------------------------------
INSERT INTO workshop_categories (id, name, description)
VALUES (1, 'WATERCOLOR', 'Description for WATERCOLOR');
INSERT INTO workshop_categories (id, name, description)
VALUES (2, 'ACRYLIC', 'Description for ACRYLIC');
INSERT INTO workshop_categories (id, name, description)
VALUES (3, 'SOFT_PASTELS', 'Description for SOFT_PASTELS');
INSERT INTO workshop_categories (id, name, description)
VALUES (4, 'GRAPHITE_PENCILS', 'Description for GRAPHITE_PENCILS');


-- INSERT experience_level -------------------------------------------
INSERT INTO experience_level (id, name, description)
VALUES (1, 'BEGINNER', 'Description for BEGINNER');
INSERT INTO experience_level (id, name, description)
VALUES (2, 'INTERMEDIATE', 'Description for INTERMEDIATE');
INSERT INTO experience_level (id, name, description)
VALUES (3, 'ADVANCED', 'Description for ADVANCED');

-- INSERT media -------------------------------------------
INSERT INTO media (id, name,public_id, url)
VALUES (1,'video','djngh6ha36ipftsyp7nh','https://res.cloudinary.com/dmumqnbm0/video/upload/v1660154939/djngh6ha36ipftsyp7nh.mp4');
INSERT INTO media (id, name,public_id, url)
VALUES (2,'referencePhoto','r6xpnrxmp4xsfaac3wqb','http://res.cloudinary.com/dmumqnbm0/image/upload/v1659974382/r6xpnrxmp4xsfaac3wqb.jpg');
INSERT INTO media (id, name,public_id, url)
VALUES (3,'finalPhoto','jwpvze3mrn0huxlf1cq7','http://res.cloudinary.com/dmumqnbm0/image/upload/v1659974384/jwpvze3mrn0huxlf1cq7.jpg');
INSERT INTO media (id, name,public_id, url)
VALUES (14,'video','oh47k0elt10ibnslgs5w','https://res.cloudinary.com/dmumqnbm0/video/upload/v1660154939/oh47k0elt10ibnslgs5w.mp4');
INSERT INTO media (id, name,public_id, url)
VALUES (9,'referencePhoto','er17ys93zeldb2yetyqs','https://res.cloudinary.com/dmumqnbm0/image/upload/v1660153217/er17ys93zeldb2yetyqs.jpg');
INSERT INTO media (id, name,public_id, url)
VALUES (4,'finalPhoto','vkdbtz74t9lkda4gsso8','https://res.cloudinary.com/dmumqnbm0/image/upload/v1660153216/vkdbtz74t9lkda4gsso8.jpg');
INSERT INTO media (id, name,public_id, url)
VALUES (15,'video','kf4cjfduqxstbu93u7o3','https://res.cloudinary.com/dmumqnbm0/video/upload/v1660154942/kf4cjfduqxstbu93u7o3.mp4');
INSERT INTO media (id, name,public_id, url)
VALUES (10,'referencePhoto','z2s1sihcwbjiesekvbvc','https://res.cloudinary.com/dmumqnbm0/image/upload/v1660153217/z2s1sihcwbjiesekvbvc.jpg');
INSERT INTO media (id, name,public_id, url)
VALUES (5,'finalPhoto','qtjtsa5uxohjyniah17n','https://res.cloudinary.com/dmumqnbm0/image/upload/v1660153216/qtjtsa5uxohjyniah17n.jpg');
INSERT INTO media (id, name,public_id, url)
VALUES (16,'video','mxsx88tjgtxgqcjlfnx3','https://res.cloudinary.com/dmumqnbm0/video/upload/v1660154943/gzc9lprfcjqjstusouin.mp4');
INSERT INTO media (id, name,public_id, url)
VALUES (11,'referencePhoto','rpkz7pqjp1vmd5ih2ntn','https://res.cloudinary.com/dmumqnbm0/image/upload/v1660153216/rpkz7pqjp1vmd5ih2ntn.jpg');
INSERT INTO media (id, name,public_id, url)
VALUES (6,'finalPhoto','qprufbqy7uhkurizqd3a','https://res.cloudinary.com/dmumqnbm0/image/upload/v1660153216/qprufbqy7uhkurizqd3a.jpg');
INSERT INTO media (id, name,public_id, url)
VALUES (17,'video','kf4cjfduqxstbu93u7o3','https://res.cloudinary.com/dmumqnbm0/video/upload/v1660154933/mxsx88tjgtxgqcjlfnx3.mp4');
INSERT INTO media (id, name,public_id, url)
VALUES (12,'referencePhoto','fi0fbgjhl3j5kys8cb9p','https://res.cloudinary.com/dmumqnbm0/image/upload/v1660153216/fi0fbgjhl3j5kys8cb9p.jpg');
INSERT INTO media (id, name,public_id, url)
VALUES (7,'finalPhoto','hdopdgepb7z6jpeycagm','https://res.cloudinary.com/dmumqnbm0/image/upload/v1660153217/hdopdgepb7z6jpeycagm.jpg');
INSERT INTO media (id, name,public_id, url)
VALUES (18,'video','gzc9lprfcjqjstusouin','https://res.cloudinary.com/dmumqnbm0/video/upload/v1660154943/gzc9lprfcjqjstusouin.mp4');
INSERT INTO media (id, name,public_id, url)
VALUES (13,'referencePhoto','qlfkt8y6hgf5pnpf3dml','https://res.cloudinary.com/dmumqnbm0/image/upload/v1660153873/qlfkt8y6hgf5pnpf3dml.jpg');
INSERT INTO media (id, name,public_id, url)
VALUES (8,'finalPhoto','vrfbyjvpo9gmchyoe0l3','https://res.cloudinary.com/dmumqnbm0/image/upload/v1660153873/vrfbyjvpo9gmchyoe0l3.jpg');
INSERT INTO media (id, name,public_id, url)
VALUES (19,'fem1','fkpy3gkqkqoz5xkngisz','https://res.cloudinary.com/dmumqnbm0/image/upload/v1660155678/fkpy3gkqkqoz5xkngisz.jpg');
INSERT INTO media (id, name,public_id, url)
VALUES (20,'fem2','uanpyn2dde0y3iw2my2f','https://res.cloudinary.com/dmumqnbm0/image/upload/v1660155678/uanpyn2dde0y3iw2my2f.jpg');
INSERT INTO media (id, name,public_id, url)
VALUES (21,'m1','rzrbbywbgrygfspckx36','https://res.cloudinary.com/dmumqnbm0/image/upload/v1660155678/rzrbbywbgrygfspckx36.jpg');
INSERT INTO media (id, name,public_id, url)
VALUES (22,'m2','ulqerknjm2vv5adingeh','https://res.cloudinary.com/dmumqnbm0/image/upload/v1660155678/ulqerknjm2vv5adingeh.jpg');


-- INSERT users---------------------------------
INSERT INTO users (id,
                   facebook,
                   first_name,
                   instagram,
                   last_name,
                   linked_in,
                   password,
                   username,
                   photo_id
                   )
VALUES (1,
        'https://www.facebook.com/Ani.Ianeva/',
        'Ana',
        'https://www.instagram.com/ana.yaneva/',
        'Hristeva',
        'https://www.linkedin.com/in/ana-hristeva-9b7475157/',
        '725bda1467f65b3050b9c096227626178d7400f3e9621753f6e04451739c1620287c9b0a99514b99',
        'ana_yaneva@abv.bg',
        20);
INSERT INTO users (id,
                   facebook,
                   first_name,
                   instagram,
                   last_name,
                   linked_in,
                   password,
                   username,
                   photo_id)
VALUES (2,
        null,
        'Ivan',
        null,
        'Ivanov',
        null,
        '725bda1467f65b3050b9c096227626178d7400f3e9621753f6e04451739c1620287c9b0a99514b99',
        'Ivan-Ivanov@abv.bg',22);
INSERT INTO users (id,
                   facebook,
                   first_name,
                   instagram,
                   last_name,
                   linked_in,
                   password,
                   username,
                   photo_id)
VALUES (3,
        null,
        'Petar',
        null,
        'Petrov',
        null,
        '725bda1467f65b3050b9c096227626178d7400f3e9621753f6e04451739c1620287c9b0a99514b99',
        'Petar-Petrov@abv.bg',null);
INSERT INTO users (id,
                   facebook,
                   first_name,
                   instagram,
                   last_name,
                   linked_in,
                   password,
                   username,
                   photo_id)
VALUES (4,
        null,
        'Sasho',
        null,
        'Sashev',
        null,
        '725bda1467f65b3050b9c096227626178d7400f3e9621753f6e04451739c1620287c9b0a99514b99',
        'Sasho-Sashev@abv.bg',null);
INSERT INTO users (id,
                   facebook,
                   first_name,
                   instagram,
                   last_name,
                   linked_in,
                   password,
                   username,
                   photo_id)
VALUES (5,
        null,
        'Dan',
        null,
        'Danev',
        null,
        '725bda1467f65b3050b9c096227626178d7400f3e9621753f6e04451739c1620287c9b0a99514b99',
        'Dan-Danev@abv.bg',
        21);
INSERT INTO users (id,
                   facebook,
                   first_name,
                   instagram,
                   last_name,
                   linked_in,
                   password,
                   username,
                   photo_id)
VALUES (6,
        'https://www.facebook.com/Matea.Ianeva/',
        'Matea',
        'https://www.instagram.com/ana.yaneva/',
        'Yaneva',
        'https://www.linkedin.com/in/ana-hristeva-9b7475157/',
        '725bda1467f65b3050b9c096227626178d7400f3e9621753f6e04451739c1620287c9b0a99514b99',
        'Matea-Yaneva@abv.bg',
        19);
INSERT INTO users (id,
                   facebook,
                   first_name,
                   instagram,
                   last_name,
                   linked_in,
                   password,
                   username,
                   photo_id)
VALUES (7,
        null,
        'Todor',
        null,
        'Todorov',
        null,
        '725bda1467f65b3050b9c096227626178d7400f3e9621753f6e04451739c1620287c9b0a99514b99',
        'Todor-Todorov@abv.bg',null);
INSERT INTO users (id,
                   facebook,
                   first_name,
                   instagram,
                   last_name,
                   linked_in,
                   password,
                   username,
                   photo_id)
VALUES (8,
        null,
        'Katia',
        null,
        'Kateva',
        null,
        '725bda1467f65b3050b9c096227626178d7400f3e9621753f6e04451739c1620287c9b0a99514b99',
        'Katia-Kateva@abv.bg',null);
INSERT INTO users (id,
                   facebook,
                   first_name,
                   instagram,
                   last_name,
                   linked_in,
                   password,
                   username,
                   photo_id)
VALUES (9,
        null,
        'Misha',
        null,
        'Misheva',
        null,
        '725bda1467f65b3050b9c096227626178d7400f3e9621753f6e04451739c1620287c9b0a99514b99',
        'Misha-Misheva@abv.bg',null);
INSERT INTO users (id,
                   facebook,
                   first_name,
                   instagram,
                   last_name,
                   linked_in,
                   password,
                   username,
                   photo_id)
VALUES (10,
        null,
        'Vania',
        null,
        'Vaneva',
        null,
        '725bda1467f65b3050b9c096227626178d7400f3e9621753f6e04451739c1620287c9b0a99514b99',
        'Vania-Vaneva@abv.bg',null);

-- INSERT users_user_roles -------------------------------------------
INSERT INTO users_user_roles (user_entity_id, user_roles_id)
VALUES (1, 1);
INSERT INTO users_user_roles (user_entity_id, user_roles_id)
VALUES (1, 2);
INSERT INTO users_user_roles (user_entity_id, user_roles_id)
VALUES (6, 2);
INSERT INTO users_user_roles (user_entity_id, user_roles_id)
VALUES (5, 2);


-- INSERT online_workshops -------------------------------------------
INSERT INTO online_workshops (id,description,duration,name,status,category_id,experience_level_id,final_photo_id,mentor_id,reference_photo_id,video_id)
VALUES (1,'In venenatis, dui ac tincidunt sagittis, ipsum ex dignissim erat, finibus tincidunt diam metus in tellus. Praesent rhoncus id ipsum non facilisis. Quisque vitae nunc id dui scelerisque sodales sit amet vitae nisi. Nunc ultrices, dolor ut volutpat porttitor, diam mi varius magna, sed tempor nunc magna sit amet nisl. In orci nisl, iaculis nec cursus at, ullamcorper molestie neque. Integer luctus felis dolor, ac facilisis mauris bibendum et. Quisque non sem volutpat, vestibulum lorem a, blandit mauris. Aliquam malesuada ipsum quam, vitae sagittis libero faucibus non. Aliquam efficitur ultricies risus et tincidunt. Suspendisse potenti. Duis commodo imperdiet augue, sit amet ultrices mauris lacinia a. Sed malesuada, ipsum quis ullamcorper sagittis, ex nisi efficitur ex, nec tempus mi mauris ut felis. Nam vulputate fermentum erat, ut luctus lectus feugiat nec. Mauris pretium, mauris sed commodo dictum, ipsum urna tempor dolor, et ullamcorper nibh lectus quis dolor.'
,null,'Beautiful flower1','PENDING',3,2,3,1,2,1);
INSERT INTO online_workshops (id,description,duration,name,status,category_id,experience_level_id,final_photo_id,mentor_id,reference_photo_id,video_id)
VALUES (2,'Etiam ullamcorper facilisis orci, sit amet blandit tellus blandit vitae. Nullam lorem ante, consequat nec consequat vitae, laoreet sit amet ipsum. Nullam metus leo, accumsan at pellentesque sit amet, ultricies pretium erat. Cras interdum mollis augue vel dapibus. Nam fringilla eros vestibulum nunc lobortis, ut mattis dui ornare. Phasellus commodo efficitur arcu eget scelerisque. Etiam gravida, ante pulvinar placerat ultrices, arcu lectus vulputate nisl, eu commodo elit quam commodo mauris.'
,null,'Beautiful flower2','APPROVED',1,1,4,6,9,1);
INSERT INTO online_workshops (id,description,duration,name,status,category_id,experience_level_id,final_photo_id,mentor_id,reference_photo_id,video_id)
VALUES (3,'Cras iaculis, nunc ornare pulvinar egestas, nibh magna porttitor ligula, sit amet consequat lectus risus ac justo. Mauris vel efficitur nulla. Sed pellentesque porttitor justo, in gravida ligula laoreet sit amet. Ut diam turpis, sodales eu gravida condimentum, condimentum at neque. Ut et magna eget ipsum molestie venenatis. Vestibulum mauris libero, gravida sed elit a, pretium aliquam lorem. Pellentesque vel mauris in mauris pretium varius.'
,null,'Beautiful flower3','PENDING',2,2,5,6,10,1);
INSERT INTO online_workshops (id,description,duration,name,status,category_id,experience_level_id,final_photo_id,mentor_id,reference_photo_id,video_id)
VALUES (4,'In venenatis, dui ac tincidunt sagittis, ipsum ex dignissim erat, finibus tincidunt diam metus in tellus. Praesent rhoncus id ipsum non facilisis. Quisque vitae nunc id dui scelerisque sodales sit amet vitae nisi. Nunc ultrices, dolor ut volutpat porttitor, diam mi varius magna, sed tempor nunc magna sit amet nisl. In orci nisl, iaculis nec cursus at, ullamcorper molestie neque. Integer luctus felis dolor, ac facilisis mauris bibendum et. Quisque non sem volutpat, vestibulum lorem a, blandit mauris. Aliquam malesuada ipsum quam, vitae sagittis libero faucibus non. Aliquam efficitur ultricies risus et tincidunt. Suspendisse potenti. Duis commodo imperdiet augue, sit amet ultrices mauris lacinia a. Sed malesuada, ipsum quis ullamcorper sagittis, ex nisi efficitur ex, nec tempus mi mauris ut felis. Nam vulputate fermentum erat, ut luctus lectus feugiat nec. Mauris pretium, mauris sed commodo dictum, ipsum urna tempor dolor, et ullamcorper nibh lectus quis dolor.'
,null,'Beautiful flower4','APPROVED',3,1,6,1,11,1);
INSERT INTO online_workshops (id,description,duration,name,status,category_id,experience_level_id,final_photo_id,mentor_id,reference_photo_id,video_id)
VALUES (5,'Cras iaculis, nunc ornare pulvinar egestas, nibh magna porttitor ligula, sit amet consequat lectus risus ac justo. Mauris vel efficitur nulla. Sed pellentesque porttitor justo, in gravida ligula laoreet sit amet. Ut diam turpis, sodales eu gravida condimentum, condimentum at neque. Ut et magna eget ipsum molestie venenatis. Vestibulum mauris libero, gravida sed elit a, pretium aliquam lorem. Pellentesque vel mauris in mauris pretium varius.'
,null,'Beautiful flower5','PENDING',3,1,7,5,12,1);
INSERT INTO online_workshops (id,description,duration,name,status,category_id,experience_level_id,final_photo_id,mentor_id,reference_photo_id,video_id)
VALUES (6,'In venenatis, dui ac tincidunt sagittis, ipsum ex dignissim erat, finibus tincidunt diam metus in tellus. Praesent rhoncus id ipsum non facilisis. Quisque vitae nunc id dui scelerisque sodales sit amet vitae nisi. Nunc ultrices, dolor ut volutpat porttitor, diam mi varius magna, sed tempor nunc magna sit amet nisl. In orci nisl, iaculis nec cursus at, ullamcorper molestie neque. Integer luctus felis dolor, ac facilisis mauris bibendum et. Quisque non sem volutpat, vestibulum lorem a, blandit mauris. Aliquam malesuada ipsum quam, vitae sagittis libero faucibus non. Aliquam efficitur ultricies risus et tincidunt. Suspendisse potenti. Duis commodo imperdiet augue, sit amet ultrices mauris lacinia a. Sed malesuada, ipsum quis ullamcorper sagittis, ex nisi efficitur ex, nec tempus mi mauris ut felis. Nam vulputate fermentum erat, ut luctus lectus feugiat nec. Mauris pretium, mauris sed commodo dictum, ipsum urna tempor dolor, et ullamcorper nibh lectus quis dolor.'
,null,'Beautiful flower6','APPROVED',4,3,8,5,13,1);

-- INSERT comments -------------------------------------------
INSERT INTO comments (id, approved, created, text, author_id, workshop_id)
VALUES (1, true, '2022-08-15 15:45:49.000000', 'Very interesting workshop', 2, 2);
INSERT INTO comments (id, approved, created, text, author_id, workshop_id)
VALUES (2, true, '2022-08-06 11:41:33.000000', 'So helpful. Thank you.', 6, 5);
INSERT INTO comments (id, approved, created, text, author_id, workshop_id)
VALUES (3, true, '2022-06-11 21:23:49.000000', 'This is an extremely well produced video. ', 4, 3);
INSERT INTO comments (id, approved, created, text, author_id, workshop_id)
VALUES (4, true, '2022-07-16 05:07:08.000000', 'Thank you for this beautiful tutorial!', 3, 2);
INSERT INTO comments (id, approved, created, text, author_id, workshop_id)
VALUES (5, true, '2022-08-17 09:10:46.000000', 'h, I can''t wait to try this! ', 2, 4);
INSERT INTO comments (id, approved, created, text, author_id, workshop_id)
VALUES (6, true, '2022-05-23 06:10:35.000000', 'Thank you for this presentation. ', 1, 1);
INSERT INTO comments (id, approved, created, text, author_id, workshop_id)
VALUES (7, true, '2022-06-25 16:10:22.000000',
        'Thanks! The thought of seeing your Van Gogh inspired painting has kept me in anticipatory mode ever since you announced that we would have this experience.',
        6, 2);
INSERT INTO comments (id, approved, created, text, author_id, workshop_id)
VALUES (8, true, '2022-06-05 23:10:03.000000', 'Beautiful! A marvellous job. ', 5, 2);
INSERT INTO comments (id, approved, created, text, author_id, workshop_id)
VALUES (9, true, '2022-07-06 05:15:05.000000', 'Thank you for doing this. Started my day off with painting.', 7, 1);
INSERT INTO comments (id, approved, created, text, author_id, workshop_id)
VALUES (10, true, '2022-05-15 22:08:45.000000',
        'I thought it impossible to paint a Van Gogh style h2o color, but you and the group have done it', 6, 2);

-- INSERT online_workshops_students -------------------------------------------
INSERT INTO online_workshops_students (attending_id, students_id)
VALUES (1, 2);
INSERT INTO online_workshops_students (attending_id, students_id)
VALUES (1, 3);
INSERT INTO online_workshops_students (attending_id, students_id)
VALUES (1, 4);
INSERT INTO online_workshops_students (attending_id, students_id)
VALUES (1, 5);
INSERT INTO online_workshops_students (attending_id, students_id)
VALUES (2, 2);
INSERT INTO online_workshops_students (attending_id, students_id)
VALUES (2, 3);
INSERT INTO online_workshops_students (attending_id, students_id)
VALUES (4, 5);
INSERT INTO online_workshops_students (attending_id, students_id)
VALUES (4, 4);
INSERT INTO online_workshops_students (attending_id, students_id)
VALUES (6, 3);
INSERT INTO online_workshops_students (attending_id, students_id)
VALUES (3, 1);
